field,name
FIELD_1,_id
FIELD_2,Index_
FIELD_3,event_unique_id
FIELD_4,Primary_Offence
FIELD_5,Occurrence_Date
FIELD_6,Occurrence_Year
FIELD_7,Occurrence_Month
FIELD_8,Occurrence_Day
FIELD_9,Occurrence_Time
FIELD_10,Division
FIELD_11,City
FIELD_12,Location_Type
FIELD_13,Premise_Type
FIELD_14,Bike_Make
FIELD_15,Bike_Model
FIELD_16,Bike_Type
FIELD_17,Bike_Speed
FIELD_18,Bike_Colour
FIELD_19,Cost_of_Bike
FIELD_20,Status
FIELD_21,Hood_ID
FIELD_22,Neighbourhood
FIELD_23,Lat
FIELD_24,Long
FIELD_25,ObjectId
geometry,geometry
